PMID,Year,Title,Journal,Host Species,Host Species Ontology ID,Host Species Ontology Candidates,Body Site,Body Site Ontology ID,Body Site Ontology Candidates,Condition,Condition Ontology ID,Condition Ontology Candidates,Sample Size,Sequencing Type,Differential Abundance,In bsgdb
22339879,2012,Alterations in composition and diversity of the intestinal microbiota in patients with diarrhea-predominant irritable bowel syndrome.,Neurogastroenterology and motility,Homo sapiens,NCBITaxon:9606,,feces,UBERON:0001988,,irritable bowel syndrome,MONDO:0005052,,46,16S,Yes,Yes
25444008,2015,Intestinal microbiota development in preterm neonates and effect of perinatal antibiotics.,The Journal of pediatrics,,,,intestine,UBERON:0000160,,premature birth,EFO:0003917,,40,16S,Yes,Yes
25599982,2015,Infant gut microbiota and food sensitization: associations in the first year of life.,Clinical and experimental allergy : journal of the British Society for Allergy and Clinical Immunology,,,,feces,UBERON:0001988,,avoidant/restrictive food intake disorder,MONDO:7770002,,166,16S,Yes,Yes
25944283,2015,Gut microbiome and innate immune response patterns in IgE-associated eczema.,Clinical and experimental allergy : journal of the British Society for Allergy and Clinical Immunology,Homo sapiens,NCBITaxon:9606,,feces,UBERON:0001988,,IgE-associated eczema,,,20,16S,Yes,Yes
26179554,2015,Colonic bacterial composition in Parkinson's disease.,Movement disorders : official journal of the Movement Disorder Society,Homo sapiens,NCBITaxon:9606,,feces,UBERON:0001988,,Parkinson disease,MONDO:0005180,,72,amplicon,Yes,Yes
26181352,2015,Fusobacterium nucleatum and T Cells in Colorectal Carcinoma.,JAMA oncology,Homo sapiens,NCBITaxon:9606,,colorectal carcinoma tissue,,,colorectal carcinoma,MONDO:0024331,,598,other,No,Yes
27015276,2016,"Fecal Microbiota, Fecal Metabolome, and Colorectal Cancer Interrelations.",PloS one,Homo sapiens,NCBITaxon:9606,,feces,UBERON:0001988,,colorectal cancer,MONDO:0005575,,131,other,Yes,Yes
27228093,2016,Intestinal Microbiota Is Influenced by Gender and Body Mass Index.,PloS one,Homo sapiens,NCBITaxon:9606,,feces,UBERON:0001988,,obesity disorder,MONDO:0011122,,75,16S,Yes,Yes
27288567,2016,Possible association of Bifidobacterium and Lactobacillus in the gut microbiota of patients with major depressive disorder.,Journal of affective disorders,Homo sapiens,NCBITaxon:9606,,feces,UBERON:0001988,,major depressive disorder,MONDO:0002009,endogenous depression|MONDO:0012048,100,other,Yes,Yes
27884202,2016,Extending colonic mucosal microbiome analysis-assessment of colonic lavage as a proxy for endoscopic colonic biopsies.,Microbiome,Homo sapiens,NCBITaxon:9606,,colon,UBERON:0001155,,colorectal cancer,MONDO:0005575,,,amplicon,Yes,Yes
28457228,2017,Differences in gut microbial composition correlate with regional brain volumes in irritable bowel syndrome.,Microbiome,Homo sapiens,NCBITaxon:9606,,feces,UBERON:0001988,,irritable bowel syndrome,MONDO:0005052,,52,16S,Yes,Yes
28624933,2018,Influence of food consumption patterns and Galician lifestyle on human gut microbiota.,Journal of physiology and biochemistry,Homo sapiens,NCBITaxon:9606,,feces,UBERON:0001988,,,,,31,other,Yes,Yes
28765474,2018,Mucosal microbiome dysbiosis in gastric carcinogenesis.,Gut,Homo sapiens,NCBITaxon:9606,,gastric mucosal samples,,,gastric cancer,MONDO:0001056,gastric carcinoma|MONDO:0004950,207,16S,Yes,Yes
28852182,2017,Unveiling the gut microbiota composition and functionality associated with constipation through metagenomic analyses.,Scientific reports,Homo sapiens,NCBITaxon:9606,,feces,UBERON:0001988,,irritable bowel syndrome,MONDO:0005052,,147,metagenomics,Yes,Yes
29133803,2017,Microbial Diversity of Genital Ulcers of HSV-2 Seropositive Women.,Scientific reports,Homo sapiens,NCBITaxon:9606,,genital ulcers,,,genital ulcers,,,49,amplicon,Yes,Yes
29172724,2018,Distribution and Diversity of Ocular Microbial Communities in Diabetic Patients Compared with Healthy Subjects.,Current eye research,Homo sapiens,NCBITaxon:9606,,ocular surface region,UBERON:0010409,,diabetes mellitus,MONDO:0005015,,49,16S,Yes,Yes
29462324,2018,Endometriosis induces gut microbiota alterations in mice.,"Human reproduction (Oxford, England)",Mus musculus,NCBITaxon:10090,,feces,UBERON:0001988,,endometriosis,MONDO:0005133,,,16S,Yes,Yes
29563617,2018,Cervical microbiome is altered in cervical intraepithelial neoplasia after loop electrosurgical excision procedure in china.,Scientific reports,Homo sapiens,NCBITaxon:9606,,uterine cervix,UBERON:0000002,,CIN2/3,,,26,16S,Yes,Yes
29624747,2018,Fecal microbiome signatures are different in food-allergic children compared to siblings and healthy children.,Pediatric allergy and immunology : official publication of the European Society of Pediatric Allergy and Immunology,Homo sapiens,NCBITaxon:9606,,feces,UBERON:0001988,,food protein-induced enterocolitis syndrome,MONDO:0100008,,68,16S,Yes,Yes
29665823,2018,Exposure to concentrated ambient PM,Particle and fibre toxicology,Mus musculus,NCBITaxon:10090,,feces,UBERON:0001988,,glucose intolerance,MONDO:0001076,,,,Yes,Yes
29791775,2019,Vaginal microbiome in early pregnancy and subsequent risk of spontaneous preterm birth: a case-control study.,BJOG : an international journal of obstetrics and gynaecology,Homo sapiens,NCBITaxon:9606,,vagina,UBERON:0000996,,spontaneous preterm birth,EFO:0006917,,450,16S,Yes,Yes
29955075,2018,"HPV infection and bacterial microbiota in the placenta, uterine cervix and oral mucosa.",Scientific reports,Homo sapiens,NCBITaxon:9606,,saliva,UBERON:0001836,uterus|UBERON:0000995,chronic human papillomavirus infection,EFO:0010060,,39,,No,Yes
30007242,2018,Altered gut microbiome composition in children with refractory epilepsy after ketogenic diet.,Epilepsy research,Homo sapiens,NCBITaxon:9606,,feces,UBERON:0001988,,familial multiple lipomatosis,MONDO:0007909,,20,16S,Yes,Yes
30029052,2018,Altered gut microbiota profile in patients with generalized anxiety disorder.,Journal of psychiatric research,Homo sapiens,NCBITaxon:9606,,feces,UBERON:0001988,,generalized anxiety disorder,MONDO:0001942,,76,,Yes,Yes
30267022,2018,A study of the correlation between obesity and intestinal flora in school-age children.,Scientific reports,Homo sapiens,NCBITaxon:9606,,feces,UBERON:0001988,,obesity disorder,MONDO:0011122,,77,16S,Yes,Yes
30301893,2018,Meta-analysis of effects of exclusive breastfeeding on infant gut microbiota across populations.,Nature communications,,,,feces,UBERON:0001988,,diarrhea-related gut microbiota dysbiosis,,,684,,Yes,Yes
30674011,2019,Alterations in the intestinal microbiota of patients with severe and active Graves' orbitopathy: a cross-sectional study.,Journal of endocrinological investigation,Homo sapiens,NCBITaxon:9606,,feces,UBERON:0001988,,Graves ophthalmopathy,EFO:1001466,,65,16S,Yes,Yes
31067473,2019,Comparison of Co-housing and Littermate Methods for Microbiota Standardization in Mouse Models.,Cell reports,Mus musculus,NCBITaxon:10090,,feces,UBERON:0001988,colon|UBERON:0001155,,,,,,Yes,Yes
31100891,2019,Gut Microbial Composition and Function Are Altered in Patients with Early Rheumatoid Arthritis.,Journal of clinical medicine,Homo sapiens,NCBITaxon:9606,,feces,UBERON:0001988,,rheumatoid arthritis,MONDO:0008383,,,,Yes,Yes
31200089,2019,Alteration of the fecal microbiota in North-Eastern Han Chinese population with sporadic Parkinson's disease.,Neuroscience letters,Homo sapiens,NCBITaxon:9606,,feces,UBERON:0001988,,Parkinson disease,MONDO:0005180,,20,16S,Yes,Yes
31502207,2020,Characterization and Analysis of the Skin Microbiota in Rosacea: A Case-Control Study.,American journal of clinical dermatology,Homo sapiens,NCBITaxon:9606,,nose and bilateral cheeks,,,rosacea,MONDO:0006604,,38,16S,Yes,Yes
31583533,2020,Intestinal microbiome analysis demonstrates azithromycin post-treatment effects improve when combined with lactulose.,World journal of pediatrics : WJP,,,,feces,UBERON:0001988,,,,,87,16S,Yes,Yes
31699813,2020,Metagenome-wide association study of gut microbiome revealed novel aetiology of rheumatoid arthritis in the Japanese population.,Annals of the rheumatic diseases,Homo sapiens,NCBITaxon:9606,,feces,UBERON:0001988,,rheumatoid arthritis,MONDO:0008383,,,shotgun,Yes,Yes
31719139,2019,"Association of Flavonifractor plautii, a Flavonoid-Degrading Bacterium, with the Gut Microbiome of Colorectal Cancer Patients in India.",mSystems,Homo sapiens,NCBITaxon:9606,,feces,UBERON:0001988,,colorectal cancer,MONDO:0005575,,60,metagenomics,Yes,Yes
31794002,2020,The Association Between Smoking and Gut Microbiome in Bangladesh.,Nicotine & tobacco research : official journal of the Society for Research on Nicotine and Tobacco,Homo sapiens,NCBITaxon:9606,,feces,UBERON:0001988,,smoking behavior,EFO:0004318,,249,16S,Yes,Yes
31815177,2019,Effect of Parkinson's disease and related medications on the composition of the fecal bacterial microbiota.,NPJ Parkinson's disease,Homo sapiens,NCBITaxon:9606,,feces,UBERON:0001988,,Parkinson disease,MONDO:0005180,,59,16S,Yes,Yes
32024079,2020,Characteristics and Dysbiosis of the Gut Microbiome in Renal Transplant Recipients.,Journal of clinical medicine,Homo sapiens,NCBITaxon:9606,,feces,UBERON:0001988,,renal transplant outcome measurement,EFO:0005199,,244,16S,Yes,Yes
32708743,2020,Effect of a Nutritional Intervention on the Intestinal Microbiota of Vertically HIV-Infected Children: The Pediabiota Study.,Nutrients,Homo sapiens,NCBITaxon:9606,,feces,UBERON:0001988,,HIV infectious disease,MONDO:0005109,,35,16S,Yes,Yes
32844256,2020,Microbiota composition in bilateral healthy breast tissue and breast tumors.,Cancer causes & control : CCC,Homo sapiens,NCBITaxon:9606,,breast tissue and breast tumors,,,breast cancer,MONDO:0007254,breast carcinoma|MONDO:0004989,46,,Yes,Yes
33220709,2020,Microbial function and genital inflammation in young South African women at high risk of HIV infection.,Microbiome,Homo sapiens,NCBITaxon:9606,,vagina,UBERON:0000996,,FGT inflammation,,,113,16S,Yes,Yes
33273497,2020,Glioma and temozolomide induced alterations in gut microbiome.,Scientific reports,Homo sapiens,NCBITaxon:9606,Mus musculus|NCBITaxon:10090,feces,UBERON:0001988,,glioma,MONDO:0021042,malignant glioma|MONDO:0100342,,16S,Yes,Yes
33429936,2021,Altered Gut Microbiota in Irritable Bowel Syndrome and Its Association with Food Components.,Journal of personalized medicine,Homo sapiens,NCBITaxon:9606,,feces,UBERON:0001988,,irritable bowel syndrome,MONDO:0005052,,101,16S,Yes,Yes
33517890,2021,Gut microbiota-derived propionate mediates the neuroprotective effect of osteocalcin in a mouse model of Parkinson's disease.,Microbiome,Mus musculus,NCBITaxon:10090,,feces,UBERON:0001988,,Parkinson disease,MONDO:0005180,,,,Yes,Yes
33536555,2021,Structural changes in the oral microbiome of the adolescent patients with moderate or severe dental fluorosis.,Scientific reports,Homo sapiens,NCBITaxon:9606,,saliva,UBERON:0001836,,dental fluorosis,MONDO:0006722,,42,16S,Yes,Yes
33552996,2020,Gut Microbiota Composition Changes in Constipated Women of Reproductive Age.,Frontiers in cellular and infection microbiology,Homo sapiens,NCBITaxon:9606,,feces,UBERON:0001988,,Chronic constipation,,,59,16S,Yes,Yes
33565055,2021,Inferences in microbial structural signatures of acne microbiome and mycobiome.,"Journal of microbiology (Seoul, Korea)",Homo sapiens,NCBITaxon:9606,,forehead and right cheek,,,acne,MONDO:0011438,,33,16S,Yes,Yes
33619320,2021,Gut microbiome diversity is an independent predictor of survival in cervical cancer patients receiving chemoradiation.,Communications biology,Homo sapiens,NCBITaxon:9606,,feces,UBERON:0001988,uterine cervix|UBERON:0000002,cervical cancer,MONDO:0002974,cervical carcinoma|MONDO:0005131,,,Yes,Yes
33708251,2021,Gut Dysbiosis and Abnormal Bile Acid Metabolism in Colitis-Associated Cancer.,Gastroenterology research and practice,Mus musculus,NCBITaxon:10090,,feces,UBERON:0001988,,inflammatory bowel disease,MONDO:0005265,,,16S,Yes,Yes
33732104,2021,,Frontiers in neuroscience,Homo sapiens,NCBITaxon:9606,,feces,UBERON:0001988,blood|UBERON:0000178,Alzheimer disease,MONDO:0004975,,77,,Yes,Yes
33828220,2021,"Alteration of the gut fecal microbiome in children living with HIV on antiretroviral therapy in Yaounde, Cameroon.",Scientific reports,Homo sapiens,NCBITaxon:9606,,feces,UBERON:0001988,,HIV infectious disease,MONDO:0005109,,169,,Yes,Yes
33828910,2021,Characteristics of the gut microbiome in patients with prediabetes and type 2 diabetes.,PeerJ,Homo sapiens,NCBITaxon:9606,,feces,UBERON:0001988,,type 2 diabetes mellitus,MONDO:0005148,,180,16S,Yes,Yes
34168484,2021,Gut Microbiota Dysbiosis Correlates with Abnormal Immune Response in Moderate COVID-19 Patients with Fever.,Journal of inflammation research,Homo sapiens,NCBITaxon:9606,,feces,UBERON:0001988,,COVID-19,MONDO:0100096,,187,other,Yes,Yes
34173452,2020,Analysis of the intestinal microbiota in COVID-19 patients and its correlation with the inflammatory factor IL-18.,Medicine in microecology,Homo sapiens,NCBITaxon:9606,,feces,UBERON:0001988,,COVID-19,MONDO:0100096,,,,Yes,Yes
34233092,2022,Differences in the eyelid and buccal microbiome between open-angle glaucoma and uveitic glaucoma.,Acta ophthalmologica,Homo sapiens,NCBITaxon:9606,,cheek,UBERON:0001567,,Fuchs heterochromic iridocyclitis,MONDO:0016989,,96,16S,Yes,Yes
34336726,2021,An Exploratory Study for the Association of Gut Microbiome with Efficacy of Immune Checkpoint Inhibitor in Patients with Hepatocellular Carcinoma.,Journal of hepatocellular carcinoma,Homo sapiens,NCBITaxon:9606,,feces,UBERON:0001988,,hepatocellular carcinoma,MONDO:0007256,,36,WGS,No,Yes
34722781,2021,Sex Variations in the Oral Microbiomes of Youths with Severe Periodontitis.,Journal of immunology research,Homo sapiens,NCBITaxon:9606,,subgingival dental plaque,UBERON:0016484,,severe periodontitis,,,17,16S,Yes,Yes
34799562,2021,Dysbiosis of human gut microbiome in young-onset colorectal cancer.,Nature communications,Homo sapiens,NCBITaxon:9606,,feces,UBERON:0001988,,colorectal cancer,MONDO:0005575,,1038,16S,Yes,Yes
34809575,2021,Comparison of fecal and oral collection methods for studies of the human microbiota in two Iranian cohorts.,BMC microbiology,Homo sapiens,NCBITaxon:9606,,feces,UBERON:0001988,saliva|UBERON:0001836,,,,84,,No,Yes
34923209,2022,Exploring the relationship between the gut microbiome and mental health outcomes in a posttraumatic stress disorder cohort relative to trauma-exposed controls.,European neuropsychopharmacology : the journal of the European College of Neuropsychopharmacology,Homo sapiens,NCBITaxon:9606,,feces,UBERON:0001988,,post-traumatic stress disorder symptom measurement,EFO:0008535,,137,amplicon,Yes,Yes
34931394,2023,Profiling the oral microbiomes in patients with Alzheimer's disease.,Oral diseases,Homo sapiens,NCBITaxon:9606,,saliva,UBERON:0001836,,Alzheimer disease,MONDO:0004975,,52,16S,Yes,Yes
35003794,2022,Gut microbiota changes and its potential relations with thyroid carcinoma.,Journal of advanced research,Homo sapiens,NCBITaxon:9606,,feces,UBERON:0001988,,thyroid gland carcinoma,MONDO:0015075,,180,16S,Yes,Yes
35188868,2022,The potential of fecal microbiota and amino acids to detect and monitor patients with adenoma.,Gut microbes,Homo sapiens,NCBITaxon:9606,,feces,UBERON:0001988,,adenoma,MONDO:0004972,,,,No,Yes
35291914,2022,The role of gut microbiota in patients with benign and malignant brain tumors: a pilot study.,Bioengineered,Homo sapiens,NCBITaxon:9606,,feces,UBERON:0001988,,glioma,MONDO:0021042,,100,,Yes,Yes
35298505,2022,Changes in the gut microbiota of Nigerian infants within the first year of life.,PloS one,,,,feces,UBERON:0001988,,,,,28,16S,Yes,Yes
35701595,2022,Alterations in co-abundant bacteriome in colorectal cancer and its persistence after surgery: a pilot study.,Scientific reports,Homo sapiens,NCBITaxon:9606,,feces,UBERON:0001988,,colorectal cancer,MONDO:0005575,,49,16S,Yes,Yes
35849580,2022,Lichen Planopilaris: The first biopsy layer microbiota inspection.,PloS one,,,,scalp and biopsy layers,,,lichen planopilaris,EFO:0009856,,,16S,Yes,Yes
36539569,2023,Altered gut microbiome composition by appendectomy contributes to colorectal cancer.,Oncogene,Mus musculus,NCBITaxon:10090,,feces,UBERON:0001988,,colorectal cancer,MONDO:0005575,,129155,metagenomics,Yes,Yes
36564826,2022,Metagenomic analysis of the interaction between the gut microbiota and colorectal cancer: a paired-sample study based on the GMrepo database.,Gut pathogens,Homo sapiens,NCBITaxon:9606,,feces,UBERON:0001988,,colorectal cancer,MONDO:0005575,,172,metagenomics,Yes,Yes
36803868,2023,Sputum bacterial load and bacterial composition correlate with lung function and are altered by long-term azithromycin treatment in children with HIV-associated chronic lung disease.,Microbiome,Homo sapiens,NCBITaxon:9606,,sputum,UBERON:0007311,,HIV infectious disease,MONDO:0005109,,347,amplicon,Yes,Yes
37208728,2023,Dysbiosis of gut microbiota inhibits NMNAT2 to promote neurobehavioral deficits and oxidative stress response in the 6-OHDA-lesioned rat model of Parkinson's disease.,Journal of neuroinflammation,Homo sapiens,NCBITaxon:9606,Rattus norvegicus|NCBITaxon:10116,feces,UBERON:0001988,,Parkinson disease,MONDO:0005180,,,shotgun,Yes,Yes
37329328,2023,Ischaemic stroke patients present sex differences in gut microbiota.,European journal of neurology,Homo sapiens,NCBITaxon:9606,,feces,UBERON:0001988,,ischemic stroke,MONDO:1060198,,101,metagenomics,Yes,Yes
37443082,2023,Effects of gut microbiota on omega-3-mediated ovary and metabolic benefits in polycystic ovary syndrome mice.,Journal of ovarian research,Mus musculus,NCBITaxon:10090,,feces,UBERON:0001988,,polycystic ovary syndrome,MONDO:0008487,,,amplicon,Yes,Yes
37750731,2023,Yearly variation coupled with social interactions shape the skin microbiome in free-ranging rhesus macaques.,Microbiology spectrum,Macaca mulatta,NCBITaxon:9544,,skin,UBERON:0002097,,,,,,,Yes,Yes
37832478,2023,The potential mechanism of the progression from latent to active tuberculosis based on the intestinal microbiota alterations.,"Tuberculosis (Edinburgh, Scotland)",Homo sapiens,NCBITaxon:9606,,feces,UBERON:0001988,,active tuberculosis,MONDO:0100481,,,other,Yes,Yes
37919319,2023,Smoking and salivary microbiota: a cross-sectional analysis of an Italian alpine population.,Scientific reports,Homo sapiens,NCBITaxon:9606,,saliva,UBERON:0001836,,cigarette smoking status measurement,EFO:0920132,,1601,amplicon,Yes,Yes
37924005,2023,Alterations in gut microbiota and host transcriptome of patients with coronary artery disease.,BMC microbiology,Homo sapiens,NCBITaxon:9606,,feces,UBERON:0001988,blood|UBERON:0000178,coronary artery disorder,MONDO:0005010,,52,RNA-seq,Yes,Yes
37978347,2023,Correlation of gut microbiota with leukopenia after chemotherapy in patients with colorectal cancer.,BMC microbiology,Homo sapiens,NCBITaxon:9606,,feces,UBERON:0001988,,colorectal cancer,MONDO:0005575,,111,,Yes,Yes
38113233,2023,Differences in the gut microbiota between Gurkhas and soldiers of British origin.,PloS one,,,,feces,UBERON:0001988,,travellers' diarrhoea,,,38,metagenomics,Yes,Yes
38369542,2024,"Multi-omic profiling reveals associations between the gut microbiome, host genome and transcriptome in patients with colorectal cancer.",Journal of translational medicine,Homo sapiens,NCBITaxon:9606,,feces,UBERON:0001988,,colorectal cancer,MONDO:0005575,,41,other,Yes,Yes
38381714,2024,Microbiome features associated with performance measures in athletic and non-athletic individuals: A case-control study.,PloS one,Homo sapiens,NCBITaxon:9606,,feces,UBERON:0001988,,,,,,,Yes,Yes
38383483,2024,Distinct intestinal microbial signatures linked to accelerated systemic and intestinal biological aging.,Microbiome,Homo sapiens,NCBITaxon:9606,,feces,UBERON:0001988,colon|UBERON:0001155; blood|UBERON:0000178,HIV infectious disease,MONDO:0005109,,,,Yes,Yes
38424099,2024,Effect of gut microbiome modulation on muscle function and cognition: the PROMOTe randomised controlled trial.,Nature communications,Homo sapiens,NCBITaxon:9606,,feces,UBERON:0001988,,,,,72,,Yes,Yes
38481313,2024,Large-scale causal analysis of gut microbiota and six common complications of diabetes: a mendelian randomization study.,Diabetology & metabolic syndrome,,,,feces,UBERON:0001988,,diabetic hypoglycemia and ketoacidosis and diabetic nephropathy and diabetic neuropathy and diabetic retinopathy and Charcot's foot,,,,,Yes,Yes
38798019,2024,The role of ,Gut microbes,,,,,,,antibiotic exposure,,,,,No,Yes
38942886,2024,Metagenomic analysis revealed the association between gut microbiota and different ovary responses to controlled ovarian stimulation.,Scientific reports,Homo sapiens,NCBITaxon:9606,Mus musculus|NCBITaxon:10090,feces,UBERON:0001988,,OV56,EFO:0006458,,47,metagenomics,Yes,Yes
38980075,2024,Microbiological and functional traits of peri-implant mucositis and correlation with disease severity.,mSphere,Homo sapiens,NCBITaxon:9606,,submucosal plaques,,,peri-implant mucositis,,,32,shotgun,Yes,Yes
39599727,2024,Characterization of the Gut and Skin Microbiome over Time in Young Children with IgE-Mediated Food Allergy.,Nutrients,Homo sapiens,NCBITaxon:9606,,feces,UBERON:0001988,skin|UBERON:0002097,food allergy,MONDO:0700226,,23,16S,Yes,Yes
39656003,2025,Gut dysbiosis narrative in psoriasis: matched-pair approach identifies only subtle shifts correlated with elevated fecal calprotectin.,Microbiology spectrum,Homo sapiens,NCBITaxon:9606,,feces,UBERON:0001988,,psoriasis,MONDO:0005083,,100,other,Yes,Yes
39682194,2024,New Insights into Mucosa-Associated Microbiota in Paired Tumor and Non-Tumor Adjacent Mucosal Tissues in Colorectal Cancer Patients.,Cancers,Homo sapiens,NCBITaxon:9606,,mucosa-associated lymphoid tissue,UBERON:0001961,,colorectal cancer,MONDO:0005575,,130,16S,Yes,Yes
39694919,2025,The regulatory effect of chitooligosaccharides on islet inflammation in T2D individuals after islet cell transplantation: the mechanism behind ,Gut microbes,,,,feces,UBERON:0001988,,type 2 diabetes mellitus,MONDO:0005148,,,ITS,Yes,Yes
39818212,2025,Cervicovaginal microbiome and natural history of Chlamydia trachomatis in adolescents and young women.,Cell,Homo sapiens,NCBITaxon:9606,,cervicovaginal,,,chlamydia trachomatis infectious disease,MONDO:0005701,,560,16S,Yes,Yes
40259408,2025,Initial gut microbiota composition is a determining factor in the promotion of colorectal cancer by oral iron supplementation: evidence from a murine model.,Microbiome,murine,,,feces,UBERON:0001988,,colorectal cancer,MONDO:0005575,,,,Yes,Yes
40413726,2025,Bacteroides uniformis-generated hexadecanedioic acid ameliorates metabolic-associated fatty liver disease.,Gut microbes,Homo sapiens,NCBITaxon:9606,,feces,UBERON:0001988,,fatty liver disease,MONDO:0004790,,240,metagenomics,Yes,Yes
40597612,2025,Sputum microbiota profiles of patients with rifampicin-resistant tuberculosis during the intensive-phase treatment.,BMC microbiology,Homo sapiens,NCBITaxon:9606,,sputum,UBERON:0007311,,rifampicin-resistant tuberculosis,MONDO:0100479,,28,16S,No,Yes
40618036,2025,Fasting builds a favorable environment for effective gut microbiota modulation by microbiota-accessible carbohydrates.,BMC microbiology,,,,feces,UBERON:0001988,,,,,,,Yes,Yes
40732984,2025,Gut Microbiota Shifts After a Weight Loss Program in Adults with Obesity: The WLM3P Study.,Nutrients,,,,feces,UBERON:0001988,,obesity disorder,MONDO:0011122,,58,,No,Yes
40849619,2025,Characteristics of gut and lung microbiota in patients with lung masses and their relationship with clinical features.,BMC microbiology,Homo sapiens,NCBITaxon:9606,,feces,UBERON:0001988,,lung cancer,MONDO:0008903,lung carcinoma|MONDO:0005138,272,other,Yes,Yes
41803199,2026,Corn silk ameliorates fatty liver disease by modulating the gut microbiota and metabolites in the serum and liver.,Scientific reports,Mus musculus,NCBITaxon:10090,,feces,UBERON:0001988,,fatty liver disease,MONDO:0004790,,,,Yes,Yes
41962594,2026,"Exposure to a high-fat diet compromises gut health, behavior, and HPA axis function, with partial reversal when limited to adolescence.",Brain research bulletin,Rattus norvegicus,NCBITaxon:10116,,feces,UBERON:0001988,,high fat diet,EFO:0002757,,,,Yes,Yes
